,Date,Value
3222,2016-01-01,193.99
3223,2016-01-02,166.0
3224,2016-01-03,173.02
3225,2016-01-04,188.62
3226,2016-01-05,186.69
3227,2016-01-06,192.81
3228,2016-01-07,207.12
3229,2016-01-08,214.27
3230,2016-01-09,190.43
3231,2016-01-10,199.5
3232,2016-01-11,218.86
3233,2016-01-12,227.91
3234,2016-01-13,234.13
3235,2016-01-14,252.51
3236,2016-01-15,254.01
3237,2016-01-16,249.3
3238,2016-01-17,243.76
3239,2016-01-18,248.18
3240,2016-01-19,252.73
3241,2016-01-20,255.2
3242,2016-01-21,249.87
3243,2016-01-22,216.28
3244,2016-01-23,192.17
3245,2016-01-24,156.33
3246,2016-01-25,167.1
3247,2016-01-26,187.15
3248,2016-01-27,178.45
3249,2016-01-28,204.14
3250,2016-01-29,186.04
3251,2016-01-30,199.58
3252,2016-01-31,192.52
3253,2016-02-01,181.44
3254,2016-02-02,205.83
3255,2016-02-03,221.21
3256,2016-02-04,192.38
3257,2016-02-05,183.09
3258,2016-02-06,181.81
3259,2016-02-07,193.82
3260,2016-02-08,214.71
3261,2016-02-09,217.63
3262,2016-02-10,216.82
3263,2016-02-11,221.55
3264,2016-02-12,224.83
3265,2016-02-13,223.76
3266,2016-02-14,224.61
3267,2016-02-15,248.09
3268,2016-02-16,241.7
3269,2016-02-17,235.83
3270,2016-02-18,223.97
3271,2016-02-19,219.9
3272,2016-02-20,188.67
3273,2016-02-21,166.39
3274,2016-02-22,191.7
3275,2016-02-23,207.89
3276,2016-02-24,225.99
3277,2016-02-25,232.33
3278,2016-02-26,225.82
3279,2016-02-27,220.47
3280,2016-02-28,216.77
3281,2016-02-29,226.67
3282,2016-03-01,200.95
3283,2016-03-02,224.83
3284,2016-03-03,210.52
3285,2016-03-04,219.54
3286,2016-03-05,216.34
3287,2016-03-06,217.01
3288,2016-03-07,224.6
3289,2016-03-08,224.35
3290,2016-03-09,217.57
3291,2016-03-10,211.06
3292,2016-03-11,197.11
3293,2016-03-12,176.16
3294,2016-03-13,168.02
3295,2016-03-14,184.81
3296,2016-03-15,196.47
3297,2016-03-16,192.41
3298,2016-03-17,183.87
3299,2016-03-18,205.97
3300,2016-03-19,189.36
3301,2016-03-20,171.07
3302,2016-03-21,178.63
3303,2016-03-22,174.99
3304,2016-03-23,179.29
3305,2016-03-24,179.95
3306,2016-03-25,141.49
3307,2016-03-26,153.29
3308,2016-03-27,155.29
3309,2016-03-28,171.58
3310,2016-03-29,179.6
3311,2016-03-30,168.65
3312,2016-03-31,159.84
3313,2016-04-01,172.83
3314,2016-04-02,142.73
3315,2016-04-03,130.95
3316,2016-04-04,143.16
3317,2016-04-05,142.74
3318,2016-04-06,161.68
3319,2016-04-07,170.39
3320,2016-04-08,153.63
3321,2016-04-09,151.13
3322,2016-04-10,149.78
3323,2016-04-11,152.87
3324,2016-04-12,146.65
3325,2016-04-13,133.61
3326,2016-04-14,133.8
3327,2016-04-15,153.8
3328,2016-04-16,161.9
3329,2016-04-17,150.46
3330,2016-04-18,161.44
3331,2016-04-19,131.56
3332,2016-04-20,124.96
3333,2016-04-21,126.89
3334,2016-04-22,145.18
3335,2016-04-23,144.8
3336,2016-04-24,150.47
3337,2016-04-25,167.11
3338,2016-04-26,182.05
3339,2016-04-27,178.35
3340,2016-04-28,183.24
3341,2016-04-29,179.77
3342,2016-04-30,149.91
3343,2016-05-01,137.24
3344,2016-05-02,128.63
3345,2016-05-03,129.6
3346,2016-05-04,112.71
3347,2016-05-05,95.95
3348,2016-05-06,86.32
3349,2016-05-07,77.19
3350,2016-05-08,69.13
3351,2016-05-09,72.16
3352,2016-05-10,79.47
3353,2016-05-11,81.88
3354,2016-05-12,76.16
3355,2016-05-13,90.2
3356,2016-05-14,90.58
3357,2016-05-15,88.35
3358,2016-05-16,90.66
3359,2016-05-17,87.99
3360,2016-05-18,95.7
3361,2016-05-19,96.42
3362,2016-05-20,86.17
3363,2016-05-21,83.08
3364,2016-05-22,79.46
3365,2016-05-23,83.89
3366,2016-05-24,84.89
3367,2016-05-25,108.89
3368,2016-05-26,97.56
3369,2016-05-27,83.42
3370,2016-05-28,71.04
3371,2016-05-29,69.56
3372,2016-05-30,76.07
3373,2016-05-31,94.6
3374,2016-06-01,101.4
3375,2016-06-02,101.09
3376,2016-06-03,94.07
3377,2016-06-04,73.16
3378,2016-06-05,66.39
3379,2016-06-06,65.75
3380,2016-06-07,63.19
3381,2016-06-08,64.07
3382,2016-06-09,63.99
3383,2016-06-10,62.56
3384,2016-06-11,60.59
3385,2016-06-12,63.25
3386,2016-06-13,70.81
3387,2016-06-14,72.52
3388,2016-06-15,73.64
3389,2016-06-16,75.42
3390,2016-06-17,75.21
3391,2016-06-18,70.06
3392,2016-06-19,67.93
3393,2016-06-20,70.48
3394,2016-06-21,66.79
3395,2016-06-22,65.96
3396,2016-06-23,64.48
3397,2016-06-24,63.1
3398,2016-06-25,60.39
3399,2016-06-26,64.67
3400,2016-06-27,67.91
3401,2016-06-28,74.1
3402,2016-06-29,80.92
3403,2016-06-30,74.16
3404,2016-07-01,72.75
3405,2016-07-02,69.19
3406,2016-07-03,64.65
3407,2016-07-04,67.96
3408,2016-07-05,67.39
3409,2016-07-06,67.1
3410,2016-07-07,64.63
3411,2016-07-08,61.65
3412,2016-07-09,56.88
3413,2016-07-10,56.63
3414,2016-07-11,64.14
3415,2016-07-12,68.09
3416,2016-07-13,68.89
3417,2016-07-14,65.93
3418,2016-07-15,63.83
3419,2016-07-16,54.3
3420,2016-07-17,53.21
3421,2016-07-18,54.56
3422,2016-07-19,51.86
3423,2016-07-20,53.06
3424,2016-07-21,54.15
3425,2016-07-22,53.11
3426,2016-07-23,49.43
3427,2016-07-24,50.78
3428,2016-07-25,56.15
3429,2016-07-26,57.89
3430,2016-07-27,57.66
3431,2016-07-28,60.07
3432,2016-07-29,55.79
3433,2016-07-30,51.97
3434,2016-07-31,55.55
3435,2016-08-01,61.65
3436,2016-08-02,60.65
3437,2016-08-03,58.38
3438,2016-08-04,59.38
3439,2016-08-05,57.37
3440,2016-08-06,51.92
3441,2016-08-07,50.44
3442,2016-08-08,58.96
3443,2016-08-09,64.17
3444,2016-08-10,66.67
3445,2016-08-11,64.76
3446,2016-08-12,57.91
3447,2016-08-13,52.37
3448,2016-08-14,53.66
3449,2016-08-15,57.43
3450,2016-08-16,57.45
3451,2016-08-17,56.6
3452,2016-08-18,56.96
3453,2016-08-19,59.21
3454,2016-08-20,56.0
3455,2016-08-21,56.07
3456,2016-08-22,60.56
3457,2016-08-23,58.63
3458,2016-08-24,57.17
3459,2016-08-25,58.8
3460,2016-08-26,57.13
3461,2016-08-27,54.28
3462,2016-08-28,53.99
3463,2016-08-29,55.85
3464,2016-08-30,57.47
3465,2016-08-31,60.18
3466,2016-09-01,61.85
3467,2016-09-02,61.65
3468,2016-09-03,59.21
3469,2016-09-04,58.21
3470,2016-09-05,63.29
3471,2016-09-06,59.68
3472,2016-09-07,58.0
3473,2016-09-08,59.79
3474,2016-09-09,60.7
3475,2016-09-10,59.43
3476,2016-09-11,57.45
3477,2016-09-12,64.09
3478,2016-09-13,60.11
3479,2016-09-14,60.14
3480,2016-09-15,58.59
3481,2016-09-16,63.1
3482,2016-09-17,63.82
3483,2016-09-18,63.17
3484,2016-09-19,69.91
3485,2016-09-20,71.64
3486,2016-09-21,70.59
3487,2016-09-22,70.28
3488,2016-09-23,72.6
3489,2016-09-24,63.08
3490,2016-09-25,66.28
3491,2016-09-26,85.28
3492,2016-09-27,81.01
3493,2016-09-28,75.69
3494,2016-09-29,77.84
3495,2016-09-30,84.43
3496,2016-10-01,93.09
3497,2016-10-02,93.19
3498,2016-10-03,101.0
3499,2016-10-04,94.39
3500,2016-10-05,94.09
3501,2016-10-06,104.85
3502,2016-10-07,107.58
3503,2016-10-08,97.82
3504,2016-10-09,104.9
3505,2016-10-10,127.4
3506,2016-10-11,131.26
3507,2016-10-12,124.68
3508,2016-10-13,130.9
3509,2016-10-14,128.19
3510,2016-10-15,114.67
3511,2016-10-16,113.5
3512,2016-10-17,118.08
3513,2016-10-18,134.88
3514,2016-10-19,136.62
3515,2016-10-20,136.27
3516,2016-10-21,140.52
3517,2016-10-22,138.42
3518,2016-10-23,140.9
3519,2016-10-24,151.82
3520,2016-10-25,143.82
3521,2016-10-26,131.43
3522,2016-10-27,131.71
3523,2016-10-28,120.0
3524,2016-10-29,112.57
3525,2016-10-30,117.71
3526,2016-10-31,122.41
3527,2016-11-01,149.91
3528,2016-11-02,172.99
3529,2016-11-03,182.82
3530,2016-11-04,173.46
3531,2016-11-05,183.38
3532,2016-11-06,198.12
3533,2016-11-07,210.99
3534,2016-11-08,224.21
3535,2016-11-09,215.83
3536,2016-11-10,205.62
3537,2016-11-11,200.06
3538,2016-11-12,175.39
3539,2016-11-13,172.23
3540,2016-11-14,165.07
3541,2016-11-15,145.22
3542,2016-11-16,157.03
3543,2016-11-17,191.61
3544,2016-11-18,216.26
3545,2016-11-19,210.31
3546,2016-11-20,207.66
3547,2016-11-21,214.24
3548,2016-11-22,202.42
3549,2016-11-23,205.72
3550,2016-11-24,208.64
3551,2016-11-25,210.27
3552,2016-11-26,207.71
3553,2016-11-27,198.01
3554,2016-11-28,216.5
3555,2016-11-29,248.72
3556,2016-11-30,250.51
3557,2016-12-01,231.69
3558,2016-12-02,216.67
3559,2016-12-03,208.08
3560,2016-12-04,223.15
3561,2016-12-05,248.34
3562,2016-12-06,224.95
3563,2016-12-07,176.02
3564,2016-12-08,164.01
3565,2016-12-09,154.99
3566,2016-12-10,152.98
3567,2016-12-11,177.04
3568,2016-12-12,199.61
3569,2016-12-13,180.41
3570,2016-12-14,172.26
3571,2016-12-15,182.81
3572,2016-12-16,180.7
3573,2016-12-17,185.38
3574,2016-12-18,188.15
3575,2016-12-19,204.5
3576,2016-12-20,212.26
3577,2016-12-21,204.73
3578,2016-12-22,210.14
3579,2016-12-23,198.65
3580,2016-12-24,182.48
3581,2016-12-25,139.7
3582,2016-12-26,180.48
3583,2016-12-27,218.07
3584,2016-12-28,237.17
3585,2016-12-29,235.71
3586,2016-12-30,220.76
3587,2016-12-31,188.67
3588,2017-01-01,195.68
3589,2017-01-02,234.82
3590,2017-01-03,245.55
3591,2017-01-04,235.06
3592,2017-01-05,259.97
3593,2017-01-06,246.25
3594,2017-01-07,192.31
3595,2017-01-08,179.28
3596,2017-01-09,201.51
3597,2017-01-10,208.77
3598,2017-01-11,213.29
3599,2017-01-12,245.12
3600,2017-01-13,266.97
3601,2017-01-14,244.47
3602,2017-01-15,215.94
3603,2017-01-16,214.38
3604,2017-01-17,224.82
3605,2017-01-18,232.52
3606,2017-01-19,232.27
3607,2017-01-20,238.4
3608,2017-01-21,247.89
3609,2017-01-22,250.2
3610,2017-01-23,256.53
3611,2017-01-24,242.6
3612,2017-01-25,245.42
3613,2017-01-26,281.99
3614,2017-01-27,264.97
3615,2017-01-28,220.1
3616,2017-01-29,220.75
3617,2017-01-30,219.33
3618,2017-01-31,216.94
3619,2017-02-01,191.66
3620,2017-02-02,185.28
3621,2017-02-03,195.26
3622,2017-02-04,201.07
3623,2017-02-05,216.73
3624,2017-02-06,240.8
3625,2017-02-07,217.69
3626,2017-02-08,238.49
3627,2017-02-09,263.29
3628,2017-02-10,268.64
3629,2017-02-11,261.14
3630,2017-02-12,253.45
3631,2017-02-13,237.27
3632,2017-02-14,225.02
3633,2017-02-15,197.23
3634,2017-02-16,194.03
3635,2017-02-17,177.83
3636,2017-02-18,169.76
3637,2017-02-19,166.31
3638,2017-02-20,159.9
3639,2017-02-21,166.06
3640,2017-02-22,171.72
3641,2017-02-23,202.77
3642,2017-02-24,198.49
3643,2017-02-25,186.58
3644,2017-02-26,174.53
3645,2017-02-27,207.38
3646,2017-02-28,222.89
3647,2017-03-01,211.67
3648,2017-03-02,206.84
3649,2017-03-03,205.11
3650,2017-03-04,175.72
3651,2017-03-05,191.34
3652,2017-03-06,194.96
3653,2017-03-07,187.8
3654,2017-03-08,171.95
3655,2017-03-09,154.13
3656,2017-03-10,163.47
3657,2017-03-11,139.72
3658,2017-03-12,144.26
3659,2017-03-13,154.01
3660,2017-03-14,150.91
3661,2017-03-15,138.69
3662,2017-03-16,158.17
3663,2017-03-17,179.17
3664,2017-03-18,144.89
3665,2017-03-19,137.65
3666,2017-03-20,163.27
3667,2017-03-21,183.73
3668,2017-03-22,201.86
3669,2017-03-23,190.85
3670,2017-03-24,177.0
3671,2017-03-25,146.45
3672,2017-03-26,138.27
3673,2017-03-27,153.68
3674,2017-03-28,150.61
3675,2017-03-29,141.92
3676,2017-03-30,115.18
3677,2017-03-31,111.33
3678,2017-04-01,115.7
3679,2017-04-02,115.69
3680,2017-04-03,125.61
3681,2017-04-04,129.67
3682,2017-04-05,134.63
3683,2017-04-06,130.13
3684,2017-04-07,126.16
3685,2017-04-08,100.85
3686,2017-04-09,91.91
3687,2017-04-10,119.38
3688,2017-04-11,125.16
3689,2017-04-12,130.54
3690,2017-04-13,133.96
3691,2017-04-14,128.98
3692,2017-04-15,120.7
3693,2017-04-16,126.81
3694,2017-04-17,134.35
3695,2017-04-18,139.38
3696,2017-04-19,135.44
3697,2017-04-20,127.17
3698,2017-04-21,124.2
3699,2017-04-22,110.43
3700,2017-04-23,108.45
3701,2017-04-24,139.46
3702,2017-04-25,167.67
3703,2017-04-26,172.45
3704,2017-04-27,166.83
3705,2017-04-28,142.26
3706,2017-04-29,121.27
3707,2017-04-30,109.92
3708,2017-05-01,114.66
3709,2017-05-02,115.07
3710,2017-05-03,127.49
3711,2017-05-04,119.75
3712,2017-05-05,112.31
3713,2017-05-06,115.36
3714,2017-05-07,104.28
3715,2017-05-08,126.82
3716,2017-05-09,124.51
3717,2017-05-10,103.67
3718,2017-05-11,94.58
3719,2017-05-12,96.29
3720,2017-05-13,89.53
3721,2017-05-14,82.74
3722,2017-05-15,100.83
3723,2017-05-16,85.36
3724,2017-05-17,94.66
3725,2017-05-18,93.51
3726,2017-05-19,100.3
3727,2017-05-20,93.55
3728,2017-05-21,82.22
3729,2017-05-22,76.5
3730,2017-05-23,74.94
3731,2017-05-24,68.75
3732,2017-05-25,63.61
3733,2017-05-26,57.92
3734,2017-05-27,53.11
3735,2017-05-28,55.49
3736,2017-05-29,68.03
3737,2017-05-30,66.48
3738,2017-05-31,66.5
3739,2017-06-01,63.7
3740,2017-06-02,63.32
3741,2017-06-03,58.19
3742,2017-06-04,62.63
3743,2017-06-05,82.05
3744,2017-06-06,94.26
3745,2017-06-07,83.67
3746,2017-06-08,83.69
3747,2017-06-09,73.19
3748,2017-06-10,64.89
3749,2017-06-11,64.37
3750,2017-06-12,73.73
3751,2017-06-13,71.45
3752,2017-06-14,64.47
3753,2017-06-15,64.17
3754,2017-06-16,64.72
3755,2017-06-17,54.29
3756,2017-06-18,53.23
3757,2017-06-19,55.9
3758,2017-06-20,56.41
3759,2017-06-21,56.88
3760,2017-06-22,58.28
3761,2017-06-23,60.94
3762,2017-06-24,57.35
3763,2017-06-25,59.89
3764,2017-06-26,64.11
3765,2017-06-27,69.77
3766,2017-06-28,78.76
3767,2017-06-29,84.7
3768,2017-06-30,73.62
3769,2017-07-01,62.66
3770,2017-07-02,60.08
3771,2017-07-03,62.83
3772,2017-07-04,65.8
3773,2017-07-05,63.17
3774,2017-07-06,59.81
3775,2017-07-07,58.53
3776,2017-07-08,53.72
3777,2017-07-09,54.52
3778,2017-07-10,61.74
3779,2017-07-11,66.61
3780,2017-07-12,63.93
3781,2017-07-13,62.58
3782,2017-07-14,62.27
3783,2017-07-15,57.51
3784,2017-07-16,56.92
3785,2017-07-17,58.61
3786,2017-07-18,57.4
3787,2017-07-19,58.15
3788,2017-07-20,61.17
3789,2017-07-21,60.92
3790,2017-07-22,59.66
3791,2017-07-23,59.32
3792,2017-07-24,63.79
3793,2017-07-25,61.61
3794,2017-07-26,60.94
3795,2017-07-27,63.2
3796,2017-07-28,63.97
3797,2017-07-29,57.08
3798,2017-07-30,55.95
3799,2017-07-31,59.67
3800,2017-08-01,60.49
3801,2017-08-02,63.04
3802,2017-08-03,60.46
3803,2017-08-04,59.21
3804,2017-08-05,58.51
3805,2017-08-06,58.11
3806,2017-08-07,60.17
3807,2017-08-08,67.29
3808,2017-08-09,68.65
3809,2017-08-10,64.25
3810,2017-08-11,63.58
3811,2017-08-12,57.57
3812,2017-08-13,58.17
3813,2017-08-14,63.1
3814,2017-08-15,61.86
3815,2017-08-16,62.58
3816,2017-08-17,60.44
3817,2017-08-18,62.68
3818,2017-08-19,62.1
3819,2017-08-20,62.17
3820,2017-08-21,66.04
3821,2017-08-22,61.85
3822,2017-08-23,61.92
3823,2017-08-24,63.86
3824,2017-08-25,61.52
3825,2017-08-26,54.33
3826,2017-08-27,51.29
3827,2017-08-28,53.15
3828,2017-08-29,62.66
3829,2017-08-30,68.96
3830,2017-08-31,71.04
3831,2017-09-01,69.1
3832,2017-09-02,62.39
3833,2017-09-03,68.01
3834,2017-09-04,69.15
3835,2017-09-05,69.88
3836,2017-09-06,73.61
3837,2017-09-07,75.31
3838,2017-09-08,75.51
3839,2017-09-09,72.42
3840,2017-09-10,80.95
3841,2017-09-11,85.25
3842,2017-09-12,88.35
3843,2017-09-13,90.4
3844,2017-09-14,95.7
3845,2017-09-15,98.69
3846,2017-09-16,96.65
3847,2017-09-17,93.84
3848,2017-09-18,100.7
3849,2017-09-19,98.51
3850,2017-09-20,93.78
3851,2017-09-21,93.1
3852,2017-09-22,97.21
3853,2017-09-23,81.22
3854,2017-09-24,77.04
3855,2017-09-25,82.31
3856,2017-09-26,80.41
3857,2017-09-27,85.0
3858,2017-09-28,79.43
3859,2017-09-29,82.99
3860,2017-09-30,88.54
3861,2017-10-01,86.76
3862,2017-10-02,96.86
3863,2017-10-03,109.88
3864,2017-10-04,116.97
3865,2017-10-05,106.93
3866,2017-10-06,114.1
3867,2017-10-07,101.49
3868,2017-10-08,95.5
3869,2017-10-09,103.91
3870,2017-10-10,101.53
3871,2017-10-11,104.14
3872,2017-10-12,110.19
3873,2017-10-13,93.7
3874,2017-10-14,80.04
3875,2017-10-15,82.63
3876,2017-10-16,89.09
3877,2017-10-17,105.85
3878,2017-10-18,117.6
3879,2017-10-19,111.22
3880,2017-10-20,111.84
3881,2017-10-21,111.32
3882,2017-10-22,124.84
3883,2017-10-23,123.53
3884,2017-10-24,106.86
3885,2017-10-25,106.18
3886,2017-10-26,119.03
3887,2017-10-27,126.15
3888,2017-10-28,127.81
3889,2017-10-29,130.76
3890,2017-10-30,167.83
3891,2017-10-31,151.77
3892,2017-11-01,147.27
3893,2017-11-02,154.1
3894,2017-11-03,146.68
3895,2017-11-04,139.91
3896,2017-11-05,167.51
3897,2017-11-06,186.2
3898,2017-11-07,177.26
3899,2017-11-08,190.58
3900,2017-11-09,172.97
3901,2017-11-10,170.52
3902,2017-11-11,164.64
3903,2017-11-12,184.96
3904,2017-11-13,214.72
3905,2017-11-14,179.81
3906,2017-11-15,164.01
3907,2017-11-16,167.71
3908,2017-11-17,199.73
3909,2017-11-18,189.31
3910,2017-11-19,193.58
3911,2017-11-20,177.44
3912,2017-11-21,155.91
3913,2017-11-22,146.4
3914,2017-11-23,172.88
3915,2017-11-24,205.92
3916,2017-11-25,219.43
3917,2017-11-26,214.83
3918,2017-11-27,213.13
3919,2017-11-28,227.63
3920,2017-11-29,246.3
3921,2017-11-30,263.55
3922,2017-12-01,251.11
3923,2017-12-02,216.11
3924,2017-12-03,193.13
3925,2017-12-04,204.09
3926,2017-12-05,200.37
3927,2017-12-06,187.84
3928,2017-12-07,200.55
3929,2017-12-08,253.37
3930,2017-12-09,257.31
3931,2017-12-10,259.84
3932,2017-12-11,283.73
3933,2017-12-12,278.71
3934,2017-12-13,247.91
3935,2017-12-14,252.8
3936,2017-12-15,255.77
3937,2017-12-16,253.79
3938,2017-12-17,236.82
3939,2017-12-18,242.21
3940,2017-12-19,231.72
3941,2017-12-20,193.83
3942,2017-12-21,177.85
3943,2017-12-22,170.29
3944,2017-12-23,164.9
3945,2017-12-24,157.43
3946,2017-12-25,154.28
3947,2017-12-26,192.26
3948,2017-12-27,238.77
3949,2017-12-28,249.86
3950,2017-12-29,239.0
3951,2017-12-30,187.9
3952,2017-12-31,180.36
3953,2018-01-01,203.4
3954,2018-01-02,217.95
3955,2018-01-03,215.91
3956,2018-01-04,210.66
3957,2018-01-05,223.65
3958,2018-01-06,236.66
3959,2018-01-07,251.17
3960,2018-01-08,268.66
3961,2018-01-09,243.93
3962,2018-01-10,219.74
3963,2018-01-11,229.23
3964,2018-01-12,222.64
3965,2018-01-13,216.66
3966,2018-01-14,221.35
3967,2018-01-15,218.68
3968,2018-01-16,246.24
3969,2018-01-17,252.15
3970,2018-01-18,240.96
3971,2018-01-19,252.66
3972,2018-01-20,245.38
3973,2018-01-21,247.27
3974,2018-01-22,218.92
3975,2018-01-23,197.62
3976,2018-01-24,203.94
3977,2018-01-25,215.57
3978,2018-01-26,223.25
3979,2018-01-27,206.05
3980,2018-01-28,176.74
3981,2018-01-29,200.57
3982,2018-01-30,222.89
3983,2018-01-31,231.25
3984,2018-02-01,239.57
3985,2018-02-02,234.27
3986,2018-02-03,230.1
3987,2018-02-04,237.5
3988,2018-02-05,262.32
3989,2018-02-06,270.21
3990,2018-02-07,266.08
3991,2018-02-08,248.07
3992,2018-02-09,247.97
3993,2018-02-10,234.36
3994,2018-02-11,234.37
3995,2018-02-12,253.77
3996,2018-02-13,260.52
3997,2018-02-14,260.28
3998,2018-02-15,227.34
3999,2018-02-16,230.29
4000,2018-02-17,210.38
4001,2018-02-18,205.21
4002,2018-02-19,197.54
4003,2018-02-20,201.33
4004,2018-02-21,219.48
4005,2018-02-22,241.74
4006,2018-02-23,259.34
4007,2018-02-24,242.61
4008,2018-02-25,247.33
4009,2018-02-26,289.53
4010,2018-02-27,301.05
4011,2018-02-28,332.27
4012,2018-03-01,353.08
4013,2018-03-02,329.93
4014,2018-03-03,283.93
4015,2018-03-04,239.7
4016,2018-03-05,220.68
4017,2018-03-06,217.43
4018,2018-03-07,214.04
4019,2018-03-08,220.89
4020,2018-03-09,211.6
4021,2018-03-10,177.11
4022,2018-03-11,174.01
4023,2018-03-12,198.19
4024,2018-03-13,191.48
4025,2018-03-14,194.13
4026,2018-03-15,191.23
4027,2018-03-16,191.22
4028,2018-03-17,261.07
4029,2018-03-18,289.88
4030,2018-03-19,273.25
4031,2018-03-20,241.57
4032,2018-03-21,219.69
4033,2018-03-22,199.87
4034,2018-03-23,186.15
4035,2018-03-24,175.0
4036,2018-03-25,164.01
4037,2018-03-26,175.88
4038,2018-03-27,186.23
4039,2018-03-28,198.65
4040,2018-03-29,205.67
4041,2018-03-30,202.12
4042,2018-03-31,204.09
4043,2018-04-01,197.24
4044,2018-04-02,202.91
4045,2018-04-03,172.87
4046,2018-04-04,180.63
4047,2018-04-05,172.28
4048,2018-04-06,160.41
4049,2018-04-07,146.18
4050,2018-04-08,146.19
4051,2018-04-09,163.05
4052,2018-04-10,172.81
4053,2018-04-11,178.14
4054,2018-04-12,183.6
4055,2018-04-13,177.1
4056,2018-04-14,123.74
4057,2018-04-15,131.51
4058,2018-04-16,131.77
4059,2018-04-17,129.12
4060,2018-04-18,91.63
4061,2018-04-19,77.19
4062,2018-04-20,75.97
4063,2018-04-21,69.26
4064,2018-04-22,74.6
4065,2018-04-23,99.48
4066,2018-04-24,119.33
4067,2018-04-25,121.15
4068,2018-04-26,124.29
4069,2018-04-27,146.88
4070,2018-04-28,146.84
4071,2018-04-29,160.58
4072,2018-04-30,175.2
4073,2018-05-01,146.65
4074,2018-05-02,143.83
4075,2018-05-03,122.57
4076,2018-05-04,98.85
4077,2018-05-05,73.59
4078,2018-05-06,64.77
4079,2018-05-07,62.57
4080,2018-05-08,68.47
4081,2018-05-09,78.76
4082,2018-05-10,83.44
4083,2018-05-11,92.24
4084,2018-05-12,85.2
4085,2018-05-13,78.98
4086,2018-05-14,80.05
4087,2018-05-15,74.96
4088,2018-05-16,87.61
4089,2018-05-17,87.5
4090,2018-05-18,83.77
4091,2018-05-19,66.03
4092,2018-05-20,64.97
4093,2018-05-21,66.47
4094,2018-05-22,69.91
4095,2018-05-23,75.84
4096,2018-05-24,76.74
4097,2018-05-25,78.87
4098,2018-05-26,62.66
4099,2018-05-27,55.91
4100,2018-05-28,55.87
4101,2018-05-29,65.95
4102,2018-05-30,71.09
4103,2018-05-31,65.65
4104,2018-06-01,60.81
4105,2018-06-02,54.15
4106,2018-06-03,54.59
4107,2018-06-04,66.54
4108,2018-06-05,69.51
4109,2018-06-06,69.48
4110,2018-06-07,66.76
4111,2018-06-08,66.01
4112,2018-06-09,57.74
4113,2018-06-10,57.6
4114,2018-06-11,61.88
4115,2018-06-12,65.83
4116,2018-06-13,66.33
4117,2018-06-14,65.43
4118,2018-06-15,66.3
4119,2018-06-16,60.4
4120,2018-06-17,62.63
4121,2018-06-18,63.29
4122,2018-06-19,63.73
4123,2018-06-20,65.49
4124,2018-06-21,66.65
4125,2018-06-22,64.08
4126,2018-06-23,57.53
4127,2018-06-24,55.18
4128,2018-06-25,57.25
4129,2018-06-26,57.06
4130,2018-06-27,56.48
4131,2018-06-28,56.44
4132,2018-06-29,54.53
4133,2018-06-30,49.04
4134,2018-07-01,48.49
4135,2018-07-02,52.75
4136,2018-07-03,55.67
4137,2018-07-04,55.75
4138,2018-07-05,55.15
4139,2018-07-06,54.26
4140,2018-07-07,47.33
4141,2018-07-08,47.48
4142,2018-07-09,54.03
4143,2018-07-10,56.19
4144,2018-07-11,55.9
4145,2018-07-12,57.47
4146,2018-07-13,55.73
4147,2018-07-14,47.92
4148,2018-07-15,47.42
4149,2018-07-16,53.53
4150,2018-07-17,55.13
4151,2018-07-18,55.61
4152,2018-07-19,53.98
4153,2018-07-20,53.89
4154,2018-07-21,49.66
4155,2018-07-22,48.33
4156,2018-07-23,50.67
4157,2018-07-24,51.22
4158,2018-07-25,50.83
4159,2018-07-26,49.8
4160,2018-07-27,46.95
4161,2018-07-28,46.56
4162,2018-07-29,49.6
4163,2018-07-30,52.37
4164,2018-07-31,53.54
4165,2018-08-01,53.42
4166,2018-08-02,50.87
4167,2018-08-03,46.66
4168,2018-08-04,44.89
4169,2018-08-05,44.48
4170,2018-08-06,49.21
4171,2018-08-07,51.51
4172,2018-08-08,52.25
4173,2018-08-09,56.01
4174,2018-08-10,58.34
4175,2018-08-11,52.2
4176,2018-08-12,52.79
4177,2018-08-13,60.34
4178,2018-08-14,57.85
4179,2018-08-15,56.55
4180,2018-08-16,58.63
4181,2018-08-17,60.43
4182,2018-08-18,52.94
4183,2018-08-19,52.92
4184,2018-08-20,59.1
4185,2018-08-21,56.74
4186,2018-08-22,57.19
4187,2018-08-23,61.4
4188,2018-08-24,66.45
4189,2018-08-25,62.73
4190,2018-08-26,72.42
4191,2018-08-27,68.4
4192,2018-08-28,68.96
4193,2018-08-29,70.74
4194,2018-08-30,72.11
4195,2018-08-31,66.46
4196,2018-09-01,56.51
4197,2018-09-02,54.77
4198,2018-09-03,64.94
4199,2018-09-04,69.03
4200,2018-09-05,68.64
4201,2018-09-06,72.85
4202,2018-09-07,75.23
4203,2018-09-08,70.82
4204,2018-09-09,66.18
4205,2018-09-10,73.21
4206,2018-09-11,71.84
4207,2018-09-12,77.86
4208,2018-09-13,80.18
4210,2018-09-14,79.02
4211,2018-09-15,71.15
4212,2018-09-16,68.07
4213,2018-09-17,68.18
4214,2018-09-18,65.5
4215,2018-09-19,70.12
4216,2018-09-20,80.14
4217,2018-09-21,89.6
4218,2018-09-22,99.29
4219,2018-09-23,104.15
4220,2018-09-24,112.9
4221,2018-09-25,110.0
4222,2018-09-26,90.5
4223,2018-09-27,81.81
4224,2018-09-28,92.99
4225,2018-09-29,97.44
4226,2018-09-30,109.04
4227,2018-10-01,124.11
4228,2018-10-02,105.74
4229,2018-10-03,101.53
4230,2018-10-04,96.46
4231,2018-10-05,96.71
4232,2018-10-06,120.77
4233,2018-10-07,130.62
4234,2018-10-08,120.97
4235,2018-10-09,99.57
4236,2018-10-10,86.05
4237,2018-10-11,86.67
4238,2018-10-12,91.35
4239,2018-10-13,71.72
4240,2018-10-14,97.58
4241,2018-10-15,122.39
4242,2018-10-16,106.4
4243,2018-10-17,109.37
4244,2018-10-18,124.13
4245,2018-10-19,130.72
4246,2018-10-20,112.12
4247,2018-10-21,104.84
4248,2018-10-22,133.99
4249,2018-10-23,133.65
4250,2018-10-24,124.35
4251,2018-10-25,136.1
4252,2018-10-26,153.69
4253,2018-10-27,188.97
4254,2018-10-28,184.39
4255,2018-10-29,204.35
4256,2018-10-30,207.67
4257,2018-10-31,189.56
4258,2018-11-01,181.72
4259,2018-11-02,188.75
4260,2018-11-03,158.94
4261,2018-11-04,147.32
4262,2018-11-05,150.94
4263,2018-11-06,140.64
4264,2018-11-07,145.88
4265,2018-11-08,162.31
4266,2018-11-09,164.25
4267,2018-11-10,146.55
4268,2018-11-11,151.13
4269,2018-11-12,162.09
4270,2018-11-13,159.2
4271,2018-11-14,149.7
4272,2018-11-15,147.65
4273,2018-11-16,149.49
4274,2018-11-17,155.09
4275,2018-11-18,172.58
4276,2018-11-19,200.39
4277,2018-11-20,222.42
4278,2018-11-21,231.64
4279,2018-11-22,240.33
4280,2018-11-23,214.79
4281,2018-11-24,194.56
4282,2018-11-25,198.82
4283,2018-11-26,216.3
4284,2018-11-27,221.31
4285,2018-11-28,179.45
4286,2018-11-29,173.82
4287,2018-11-30,184.3
4288,2018-12-01,173.93
4289,2018-12-02,150.11
4290,2018-12-03,178.24
4291,2018-12-04,217.45
4292,2018-12-05,197.26
4293,2018-12-06,168.49
4294,2018-12-07,180.51
4295,2018-12-08,181.43
4296,2018-12-09,184.89
4297,2018-12-10,208.23
4298,2018-12-11,208.77
4299,2018-12-12,219.63
4300,2018-12-13,243.25
4301,2018-12-14,253.58
4302,2018-12-15,253.2
4303,2018-12-16,213.53
4304,2018-12-17,213.48
4305,2018-12-18,200.84
4306,2018-12-19,202.6
4307,2018-12-20,199.78
4308,2018-12-21,185.68
4309,2018-12-22,173.51
4310,2018-12-23,175.45
4311,2018-12-24,197.75
4312,2018-12-25,181.36
4313,2018-12-26,165.29
4314,2018-12-27,182.32
4315,2018-12-28,175.54
4316,2018-12-29,161.68
4317,2018-12-30,158.63
4318,2018-12-31,166.61
4319,2019-01-01,173.86
4320,2019-01-02,227.45
4321,2019-01-03,241.3
4322,2019-01-04,245.96
4323,2019-01-05,223.39
4324,2019-01-06,194.46
4325,2019-01-07,195.32
4326,2019-01-08,210.59
4327,2019-01-09,240.83
4328,2019-01-10,239.23
4329,2019-01-11,211.89
1198,2019-01-12,187.49
1197,2019-01-13,179.48
4330,2019-01-14,207.45
1196,2019-01-15,201.77
1195,2019-01-16,209.35
1194,2019-01-17,244.26
1193,2019-01-18,257.26
1192,2019-01-19,235.19
1191,2019-01-20,230.35
1190,2019-01-21,247.41
1189,2019-01-22,253.56
1188,2019-01-23,272.18
1187,2019-01-24,260.84
1186,2019-01-25,211.04
1185,2019-01-26,192.44
1184,2019-01-27,225.03
1183,2019-01-28,251.03
1182,2019-01-29,262.17
1181,2019-01-30,267.65
1179,2019-01-31,288.88
1180,2019-02-01,284.68
1178,2019-02-02,263.45
1177,2019-02-03,252.64
1176,2019-02-04,230.17
1175,2019-02-05,234.66
1174,2019-02-06,208.43
1173,2019-02-07,216.7
1172,2019-02-08,208.93
1171,2019-02-09,201.05
1170,2019-02-10,208.46
4331,2019-02-11,220.88
1169,2019-02-12,210.98
1168,2019-02-13,191.96
1167,2019-02-14,195.54
1166,2019-02-15,185.31
1165,2019-02-16,164.33
1164,2019-02-17,159.51
1163,2019-02-18,185.72
1162,2019-02-19,190.67
1161,2019-02-20,179.33
1160,2019-02-21,156.21
1159,2019-02-22,158.16
1158,2019-02-23,145.01
1157,2019-02-24,151.03
1156,2019-02-25,162.02
1155,2019-02-26,153.5
1154,2019-02-27,151.91
1153,2019-02-28,174.74
1152,2019-03-01,173.45
1151,2019-03-02,156.08
1150,2019-03-03,171.55
1724,2019-03-04,195.4
1723,2019-03-05,191.05
1722,2019-03-06,177.62
1721,2019-03-07,197.57
1720,2019-03-08,203.2
1719,2019-03-09,180.91
1718,2019-03-10,200.71
1717,2019-03-11,203.08
1716,2019-03-12,214.05
1715,2019-03-13,203.55
1714,2019-03-14,181.13
1713,2019-03-15,170.69
1712,2019-03-16,176.6
1711,2019-03-17,183.35
1710,2019-03-18,191.94
1709,2019-03-19,169.31
1708,2019-03-20,149.96
1707,2019-03-21,143.69
1706,2019-03-22,152.74
1705,2019-03-23,149.42
1704,2019-03-24,151.39
1703,2019-03-25,157.6
1702,2019-03-26,161.86
1701,2019-03-27,158.75
1700,2019-03-28,143.57
1699,2019-03-29,133.63
1698,2019-03-30,122.34
1697,2019-03-31,140.48
1696,2019-04-01,154.85
1695,2019-04-02,176.89
1694,2019-04-03,193.61
1693,2019-04-04,201.98
1692,2019-04-05,171.86
1691,2019-04-06,152.47
1690,2019-04-07,148.91
1689,2019-04-08,147.42
1688,2019-04-09,157.74
1687,2019-04-10,162.78
1686,2019-04-11,161.52
1685,2019-04-12,171.9
1683,2019-04-13,168.26
1682,2019-04-14,178.08
1681,2019-04-15,160.47
1680,2019-04-16,148.3
1679,2019-04-17,122.7
1684,2019-04-18,106.16
1678,2019-04-19,86.53
1677,2019-04-20,72.07
1676,2019-04-21,66.84
1675,2019-04-22,69.63
1674,2019-04-23,78.81
1673,2019-04-24,93.53
1672,2019-04-25,105.47
1671,2019-04-26,112.63
1670,2019-04-27,139.05
1669,2019-04-28,125.57
1668,2019-04-29,118.52
1667,2019-04-30,109.57
1666,2019-05-01,106.46
1665,2019-05-02,112.29
1664,2019-05-03,133.32
1663,2019-05-04,133.03
1662,2019-05-05,132.65
1661,2019-05-06,137.02
1660,2019-05-07,128.85
1659,2019-05-08,142.11
1658,2019-05-09,145.76
1657,2019-05-10,129.17
1656,2019-05-11,110.01
1655,2019-05-12,97.35
1654,2019-05-13,91.88
1653,2019-05-14,82.86
1652,2019-05-15,78.0
1651,2019-05-16,80.75
1650,2019-05-17,94.91
1649,2019-05-18,89.31
1648,2019-05-19,83.64
1647,2019-05-20,83.22
1646,2019-05-21,80.29
1645,2019-05-22,77.5
1643,2019-05-23,73.91
1642,2019-05-24,70.3
1644,2019-05-25,63.73
1641,2019-05-26,63.98
1640,2019-05-27,77.8
1639,2019-05-28,84.83
1638,2019-05-29,94.75
1637,2019-05-30,76.35
1636,2019-05-31,70.34
1635,2019-06-01,60.24
1634,2019-06-02,61.16
1633,2019-06-03,70.34
1632,2019-06-04,80.92
1631,2019-06-05,82.0
1630,2019-06-06,75.32
1629,2019-06-07,85.18
1628,2019-06-08,86.46
1627,2019-06-09,75.76
1626,2019-06-10,94.33
1625,2019-06-11,110.54
1624,2019-06-12,109.51
1623,2019-06-13,106.81
1622,2019-06-14,90.19
1621,2019-06-15,77.92
1620,2019-06-16,74.25
1619,2019-06-17,75.02
1618,2019-06-18,74.33
1617,2019-06-19,73.68
1616,2019-06-20,73.32
1615,2019-06-21,69.66
1614,2019-06-22,58.62
1613,2019-06-23,59.8
1612,2019-06-24,67.98
1611,2019-06-25,68.39
1610,2019-06-26,70.62
1609,2019-06-27,65.17
1608,2019-06-28,58.9
1607,2019-06-29,52.24
1606,2019-06-30,51.24
1605,2019-07-01,60.05
1604,2019-07-02,61.65
1603,2019-07-03,61.15
1602,2019-07-04,59.19
1601,2019-07-05,55.6
1600,2019-07-06,51.14
1599,2019-07-07,52.69
1598,2019-07-08,59.77
1597,2019-07-09,60.5
1596,2019-07-10,58.05
1595,2019-07-11,57.78
1594,2019-07-12,54.87
1593,2019-07-13,51.85
1592,2019-07-14,52.47
1591,2019-07-15,57.58
1590,2019-07-16,56.42
1589,2019-07-17,55.26
1588,2019-07-18,56.21
1587,2019-07-19,57.95
1586,2019-07-20,51.06
1585,2019-07-21,51.03
1584,2019-07-22,53.32
1583,2019-07-23,51.85
1582,2019-07-24,52.79
1581,2019-07-25,49.22
1580,2019-07-26,49.4
1579,2019-07-27,47.35
1578,2019-07-28,50.15
1576,2019-07-29,52.62
1577,2019-07-30,53.17
1575,2019-07-31,54.92
1574,2019-08-01,55.11
1573,2019-08-02,54.2
1572,2019-08-03,47.75
1571,2019-08-04,46.96
1570,2019-08-05,51.32
1568,2019-08-06,54.24
1569,2019-08-07,55.79
1567,2019-08-08,56.45
1566,2019-08-09,53.57
1565,2019-08-10,52.31
1564,2019-08-11,51.62
1563,2019-08-12,63.92
1562,2019-08-13,64.47
1561,2019-08-14,67.29
1560,2019-08-15,61.6
1558,2019-08-16,66.53
1559,2019-08-17,55.65
1556,2019-08-18,56.99
1557,2019-08-19,62.4
4332,2019-08-20,64.24
4333,2019-08-21,62.02
4334,2019-08-22,60.22
4335,2019-08-23,55.53
4336,2019-08-24,49.01
4337,2019-08-25,45.82
4338,2019-08-26,48.2
4339,2019-08-27,54.73
4340,2019-08-28,56.24
4341,2019-08-29,58.75
4342,2019-08-30,57.78
4343,2019-08-31,51.42
4344,2019-09-01,60.06
4345,2019-09-02,67.91
4346,2019-09-03,65.25
4347,2019-09-04,68.91
4348,2019-09-05,73.01
4349,2019-09-06,74.41
4350,2019-09-07,70.04
4351,2019-09-08,72.04
4352,2019-09-09,83.71
4353,2019-09-10,77.03
4354,2019-09-11,71.74
4355,2019-09-12,70.13
4356,2019-09-13,69.62
4357,2019-09-14,64.72
4358,2019-09-15,66.2
4359,2019-09-16,72.73
4360,2019-09-17,76.37
4361,2019-09-18,81.69
4362,2019-09-19,75.23
4363,2019-09-20,68.83
4364,2019-09-21,60.59
4365,2019-09-22,64.41
4366,2019-09-23,70.26
4367,2019-09-24,72.58
4368,2019-09-25,71.86
4369,2019-09-26,71.61
4370,2019-09-27,81.6
4371,2019-09-28,78.08
4372,2019-09-29,82.42
4373,2019-09-30,92.15
4374,2019-10-01,98.91
4375,2019-10-02,116.85
4376,2019-10-03,138.39
4377,2019-10-04,117.83
4378,2019-10-05,105.73
4379,2019-10-06,101.56
4380,2019-10-07,117.86
4381,2019-10-08,111.1
4382,2019-10-09,121.79
4383,2019-10-10,120.86
4384,2019-10-11,110.61
4385,2019-10-12,110.14
4386,2019-10-13,114.37
4387,2019-10-14,132.38
4388,2019-10-15,124.42
4389,2019-10-16,121.46
4390,2019-10-17,131.49
4391,2019-10-18,130.08
4392,2019-10-19,125.06
4393,2019-10-20,137.2
4394,2019-10-21,145.44
4395,2019-10-22,145.06
4396,2019-10-23,144.12
4397,2019-10-24,138.87
4398,2019-10-25,146.56
4399,2019-10-26,146.37
4400,2019-10-27,158.57
4401,2019-10-28,185.3
4402,2019-10-29,180.8
4403,2019-10-30,177.66
4404,2019-10-31,173.83
4405,2019-11-01,146.11
4406,2019-11-02,141.51
4407,2019-11-03,146.72
4408,2019-11-04,159.75
4409,2019-11-05,166.61
4410,2019-11-06,187.6
4411,2019-11-07,187.25
4412,2019-11-08,202.73
796,2019-11-09,206.81
4413,2019-11-10,189.01
4414,2019-11-11,202.36
4415,2019-11-12,211.68
4416,2019-11-13,213.12
4417,2019-11-14,222.07
4418,2019-11-15,211.99
4419,2019-11-16,192.8
4420,2019-11-17,192.79
4421,2019-11-18,219.83
4422,2019-11-19,240.31
4423,2019-11-20,225.68
4424,2019-11-21,228.13
4425,2019-11-22,204.72
4426,2019-11-23,177.46
4427,2019-11-24,167.19
4428,2019-11-25,170.71
4429,2019-11-26,164.27
4430,2019-11-27,170.49
4431,2019-11-28,186.95
4432,2019-11-29,221.18
4433,2019-11-30,231.08
4434,2019-12-01,232.98
4435,2019-12-02,248.16
4436,2019-12-03,226.36
4437,2019-12-04,231.17
4438,2019-12-05,224.52
4439,2019-12-06,181.74
4440,2019-12-07,173.72
4441,2019-12-08,186.0
4442,2019-12-09,217.13
4443,2019-12-10,217.58
795,2019-12-11,228.38
794,2019-12-12,232.11
793,2019-12-13,219.85
792,2019-12-14,218.42
791,2019-12-15,214.75
790,2019-12-16,227.29
789,2019-12-17,232.98
787,2019-12-18,228.81
788,2019-12-19,186.24
786,2019-12-20,188.82
785,2019-12-21,183.42
784,2019-12-22,183.09
783,2019-12-23,191.92
782,2019-12-24,181.76
781,2019-12-25,181.47
1021,2019-12-26,188.33
1020,2019-12-27,187.68
1019,2019-12-28,173.79
1018,2019-12-29,176.58
1017,2019-12-30,188.55
1016,2019-12-31,197.47
1014,2020-01-01,191.35
1013,2020-01-02,191.59
1015,2020-01-03,195.73
1012,2020-01-04,194.75
1011,2020-01-05,187.25
1010,2020-01-06,203.67
1009,2020-01-07,192.09
1008,2020-01-08,181.9
1007,2020-01-09,191.01
1006,2020-01-10,211.4
1005,2020-01-11,187.76
1004,2020-01-12,184.13
1003,2020-01-13,212.34
1002,2020-01-14,206.73
1390,2020-01-15,204.3
1389,2020-01-16,204.2
1388,2020-01-17,210.13
1387,2020-01-18,221.92
1386,2020-01-19,233.78
1385,2020-01-20,243.38
1384,2020-01-21,237.5
1383,2020-01-22,218.58
996,2020-01-23,206.97
1382,2020-01-24,205.9
1381,2020-01-25,200.66
1380,2020-01-26,195.2
1379,2020-01-27,215.41
1378,2020-01-28,235.74
1377,2020-01-29,225.2
1376,2020-01-30,197.54
1375,2020-01-31,181.39
1374,2020-02-01,175.25
1373,2020-02-02,178.31
1372,2020-02-03,202.21
1371,2020-02-04,220.56
1370,2020-02-05,218.35
1369,2020-02-06,223.48
1368,2020-02-07,218.18
1367,2020-02-08,190.07
1366,2020-02-09,192.65
1365,2020-02-10,233.56
1364,2020-02-11,249.75
1363,2020-02-12,235.48
1362,2020-02-13,222.39
1361,2020-02-14,212.66
1360,2020-02-15,183.52
1359,2020-02-16,192.8
1358,2020-02-17,215.87
1357,2020-02-18,223.35
1356,2020-02-19,225.15
1355,2020-02-20,218.83
1354,2020-02-21,217.2
1352,2020-02-22,191.14
1351,2020-02-23,186.08
1353,2020-02-24,211.05
2019,2020-02-25,224.04
2020,2020-02-26,231.8
2017,2020-02-27,232.77
2016,2020-02-28,231.48
2018,2020-02-29,203.36
2015,2020-03-01,203.72
1001,2020-03-02,215.0
1000,2020-03-03,221.62
974,2020-03-04,230.17
998,2020-03-05,228.28
997,2020-03-06,212.02
999,2020-03-07,188.04
995,2020-03-08,172.78
994,2020-03-09,200.53
993,2020-03-10,174.46
992,2020-03-11,176.38
991,2020-03-12,202.84
990,2020-03-13,193.9
989,2020-03-14,174.7
978,2020-03-15,176.91
988,2020-03-16,180.17
976,2020-03-17,172.86
987,2020-03-18,178.26
986,2020-03-19,194.07
985,2020-03-20,194.98
984,2020-03-21,186.66
983,2020-03-22,176.47
981,2020-03-23,181.91
982,2020-03-24,157.43
980,2020-03-25,146.87
979,2020-03-26,155.01
977,2020-03-27,162.01
975,2020-03-28,172.11
973,2020-03-29,191.98
972,2020-03-30,192.94
971,2020-03-31,178.78
970,2020-04-01,181.15
969,2020-04-02,161.04
968,2020-04-03,152.57
967,2020-04-04,133.69
966,2020-04-05,106.05
965,2020-04-06,107.16
939,2020-04-07,107.67
940,2020-04-08,93.14
964,2020-04-09,91.85
963,2020-04-10,81.56
962,2020-04-11,70.25
961,2020-04-12,77.53
935,2020-04-13,115.95
936,2020-04-14,123.62
941,2020-04-15,107.41
938,2020-04-16,97.76
960,2020-04-17,112.07
959,2020-04-18,128.59
958,2020-04-19,102.79
957,2020-04-20,103.99
956,2020-04-21,97.63
955,2020-04-22,91.85
954,2020-04-23,86.23
953,2020-04-24,80.18
952,2020-04-25,83.12
951,2020-04-26,80.91
950,2020-04-27,90.23
949,2020-04-28,127.63
948,2020-04-29,127.44
947,2020-04-30,127.12
946,2020-05-01,116.91
945,2020-05-02,97.6
944,2020-05-03,102.53
943,2020-05-04,98.0
942,2020-05-05,104.46
937,2020-05-06,92.95
934,2020-05-07,78.93
933,2020-05-08,66.46
881,2020-05-09,61.21
880,2020-05-10,90.42
882,2020-05-11,123.92
879,2020-05-12,119.61
932,2020-05-13,122.84
931,2020-05-14,112.94
930,2020-05-15,89.86
929,2020-05-16,91.26
928,2020-05-17,82.33
927,2020-05-18,80.48
926,2020-05-19,70.83
925,2020-05-20,60.82
924,2020-05-21,59.45
923,2020-05-22,62.91
922,2020-05-23,69.93
921,2020-05-24,69.21
920,2020-05-25,61.99
919,2020-05-26,61.65
918,2020-05-27,62.45
916,2020-05-28,61.24
915,2020-05-29,57.15
914,2020-05-30,52.8
917,2020-05-31,53.35
911,2020-06-01,57.74
913,2020-06-02,57.51
910,2020-06-03,62.82
909,2020-06-04,78.87
908,2020-06-05,81.31
907,2020-06-06,87.53
906,2020-06-07,81.26
905,2020-06-08,88.0
904,2020-06-09,80.28
903,2020-06-10,88.14
902,2020-06-11,89.49
901,2020-06-12,81.98
900,2020-06-13,64.13
898,2020-06-14,60.43
899,2020-06-15,61.59
897,2020-06-16,59.32
896,2020-06-17,63.02
895,2020-06-18,71.29
894,2020-06-19,69.2
893,2020-06-20,58.21
892,2020-06-21,55.82
891,2020-06-22,61.72
890,2020-06-23,57.63
889,2020-06-24,54.82
888,2020-06-25,52.03
887,2020-06-26,53.35
886,2020-06-27,50.04
885,2020-06-28,57.6
884,2020-06-29,70.95
883,2020-06-30,69.75
875,2020-07-01,66.28
877,2020-07-02,69.35
878,2020-07-03,69.68
876,2020-07-04,62.38
874,2020-07-05,59.68
873,2020-07-06,67.5
872,2020-07-07,71.6
871,2020-07-08,74.93
870,2020-07-09,75.81
869,2020-07-10,69.06
4444,2020-07-11,61.81
4445,2020-07-12,55.89
4446,2020-07-13,61.88
4447,2020-07-14,66.17
4448,2020-07-15,71.07
868,2020-07-16,66.86
867,2020-07-17,59.28
866,2020-07-18,54.97
865,2020-07-19,56.38
864,2020-07-20,63.77
863,2020-07-21,63.75
862,2020-07-22,58.55
861,2020-07-23,58.16
860,2020-07-24,57.46
859,2020-07-25,54.88
858,2020-07-26,53.6
857,2020-07-27,61.92
856,2020-07-28,65.72
853,2020-07-29,64.18
852,2020-07-30,61.01
851,2020-07-31,51.43
855,2020-08-01,49.25
854,2020-08-02,50.57
850,2020-08-03,58.94
848,2020-08-04,63.95
847,2020-08-05,58.34
845,2020-08-06,55.74
849,2020-08-07,51.81
843,2020-08-08,46.37
846,2020-08-09,48.31
844,2020-08-10,52.86
842,2020-08-11,53.01
841,2020-08-12,50.36
840,2020-08-13,53.19
839,2020-08-14,54.95
836,2020-08-15,51.79
835,2020-08-16,54.34
838,2020-08-17,58.61
837,2020-08-18,56.27
833,2020-08-19,59.05
831,2020-08-20,56.24
830,2020-08-21,57.24
832,2020-08-22,54.11
834,2020-08-23,56.31
829,2020-08-24,60.27
828,2020-08-25,65.61
826,2020-08-26,66.58
825,2020-08-27,72.45
827,2020-08-28,75.89
824,2020-08-29,79.94
823,2020-08-30,75.93
822,2020-08-31,75.89
821,2020-09-01,75.15
820,2020-09-02,76.9
819,2020-09-03,68.33
818,2020-09-04,71.9
816,2020-09-05,70.77
815,2020-09-06,69.5
814,2020-09-07,75.82
817,2020-09-08,65.19
813,2020-09-09,66.08
812,2020-09-10,78.18
811,2020-09-11,76.82
810,2020-09-12,65.19
809,2020-09-13,59.82
808,2020-09-14,62.0
807,2020-09-15,62.36
806,2020-09-16,63.66
805,2020-09-17,65.38
804,2020-09-18,68.06
803,2020-09-19,63.34
802,2020-09-20,64.49
801,2020-09-21,67.43
800,2020-09-22,68.2
799,2020-09-23,79.84
798,2020-09-24,101.01
1990,2020-09-25,115.97
797,2020-09-26,120.03
2014,2020-09-27,112.71
2013,2020-09-28,115.46
2012,2020-09-29,97.76
2011,2020-09-30,110.73
2010,2020-10-01,108.38
2009,2020-10-02,122.74
2008,2020-10-03,113.56
2007,2020-10-04,118.24
2006,2020-10-05,117.06
1995,2020-10-06,116.23
2005,2020-10-07,117.95
2004,2020-10-08,118.07
1996,2020-10-09,138.27
2003,2020-10-10,138.71
2002,2020-10-11,127.37
2001,2020-10-12,147.43
2000,2020-10-13,151.95
1999,2020-10-14,142.62
1998,2020-10-15,149.53
1997,2020-10-16,151.52
1994,2020-10-17,139.0
1993,2020-10-18,139.87
1992,2020-10-19,139.1
1991,2020-10-20,117.65
1989,2020-10-21,113.66
1988,2020-10-22,124.27
1987,2020-10-23,136.33
1986,2020-10-24,140.34
1985,2020-10-25,141.59
1984,2020-10-26,156.25
1983,2020-10-27,164.45
1982,2020-10-28,166.46
2401,2020-10-29,157.07
1981,2020-10-30,127.82
2411,2020-10-31,126.63
2410,2020-11-01,125.27
2409,2020-11-02,138.14
2408,2020-11-03,177.84
2407,2020-11-04,185.57
2406,2020-11-05,183.65
2405,2020-11-06,178.5
2404,2020-11-07,160.45
2403,2020-11-08,142.82
2402,2020-11-09,-100.0
2400,2020-11-10,134.05
2399,2020-11-11,147.7
2398,2020-11-12,148.93
2393,2020-11-13,152.14
2397,2020-11-14,140.58
2396,2020-11-15,146.14
2395,2020-11-16,164.74
2394,2020-11-17,141.67
2392,2020-11-18,150.65
2391,2020-11-19,186.33
2390,2020-11-20,194.47
2389,2020-11-21,157.33
2388,2020-11-22,165.98
2387,2020-11-23,193.17
1980,2020-11-24,169.5
1979,2020-11-25,178.29
1978,2020-11-26,204.39
1977,2020-11-27,215.68
1976,2020-11-28,188.9
1975,2020-11-29,178.83
1974,2020-11-30,195.73
1973,2020-12-01,213.13
1972,2020-12-02,215.17
1971,2020-12-03,225.04
1970,2020-12-04,235.47
1969,2020-12-05,217.06
1968,2020-12-06,223.01
1967,2020-12-07,249.92
1966,2020-12-08,242.57
1965,2020-12-09,229.19
1964,2020-12-10,218.28
1963,2020-12-11,193.18
1962,2020-12-12,188.21
1961,2020-12-13,195.24
1960,2020-12-14,185.47
1959,2020-12-15,191.43
1958,2020-12-16,197.04
1957,2020-12-17,192.13
1953,2020-12-18,168.34
1956,2020-12-19,163.73
1955,2020-12-20,184.83
1954,2020-12-21,184.01
1952,2020-12-22,184.09
1951,2020-12-23,188.42
1950,2020-12-24,225.64
1949,2020-12-25,227.29
1350,2020-12-26,198.53
1349,2020-12-27,200.32
1348,2020-12-28,238.99
1347,2020-12-29,245.66
1346,2020-12-30,251.62
1345,2020-12-31,262.88
1325,2021-01-01,243.35
348,2021-01-02,238.16
1344,2021-01-03,241.27
1343,2021-01-04,264.18
1341,2021-01-05,265.52
1326,2021-01-06,268.75
1336,2021-01-07,283.4
1340,2021-01-08,283.35
1342,2021-01-09,264.96
1339,2021-01-10,251.08
1338,2021-01-11,235.39
1337,2021-01-12,232.38
1335,2021-01-13,241.19
1334,2021-01-14,245.09
1333,2021-01-15,267.42
1332,2021-01-16,230.95
1331,2021-01-17,220.41
1330,2021-01-18,233.11
1329,2021-01-19,203.24
1328,2021-01-20,205.18
1327,2021-01-21,235.41
1324,2021-01-22,240.24
1323,2021-01-23,250.42
1322,2021-01-24,266.43
1321,2021-01-25,271.74
1320,2021-01-26,265.45
1319,2021-01-27,218.98
1318,2021-01-28,198.21
1317,2021-01-29,197.04
1316,2021-01-30,229.24
1315,2021-01-31,246.84
1314,2021-02-01,254.69
1313,2021-02-02,225.54
1312,2021-02-03,214.83
1311,2021-02-04,219.83
1310,2021-02-05,206.7
1309,2021-02-06,217.27
1308,2021-02-07,263.27
1307,2021-02-08,299.28
1306,2021-02-09,300.56
1305,2021-02-10,298.96
1304,2021-02-11,305.01
1303,2021-02-12,307.05
1302,2021-02-13,302.25
1301,2021-02-14,270.44
1300,2021-02-15,214.61
1299,2021-02-16,196.76
1298,2021-02-17,193.91
1297,2021-02-18,198.9
1296,2021-02-19,204.87
1295,2021-02-20,162.48
1294,2021-02-21,154.24
1293,2021-02-22,174.89
1292,2021-02-23,178.27
1291,2021-02-24,154.49
1290,2021-02-25,170.37
1289,2021-02-26,185.13
1288,2021-02-27,176.59
1287,2021-02-28,179.72
1286,2021-03-01,210.48
1285,2021-03-02,220.15
1284,2021-03-03,227.6
1283,2021-03-04,228.09
1282,2021-03-05,233.02
1281,2021-03-06,221.72
1280,2021-03-07,213.57
1279,2021-03-08,215.21
1278,2021-03-09,196.29
1277,2021-03-10,208.77
1276,2021-03-11,196.71
1275,2021-03-12,204.37
1274,2021-03-13,198.9
1273,2021-03-14,193.62
1272,2021-03-15,181.8
1271,2021-03-16,169.23
1270,2021-03-17,186.23
1269,2021-03-18,184.6
1268,2021-03-19,177.58
1267,2021-03-20,167.12
1266,2021-03-21,161.01
1265,2021-03-22,170.03
1263,2021-03-23,174.39
1262,2021-03-24,163.05
1261,2021-03-25,159.85
1260,2021-03-26,175.14
1264,2021-03-27,167.09
1259,2021-03-28,156.96
1258,2021-03-29,130.16
1257,2021-03-30,112.67
1256,2021-03-31,105.45
1255,2021-04-01,145.02
1254,2021-04-02,159.18
1253,2021-04-03,159.37
1252,2021-04-04,142.11
1251,2021-04-05,179.75
1249,2021-04-06,213.62
1248,2021-04-07,221.61
1247,2021-04-08,185.92
1246,2021-04-09,174.82
1250,2021-04-10,186.35
1245,2021-04-11,187.34
1244,2021-04-12,198.85
1243,2021-04-13,183.13
1242,2021-04-14,170.48
1241,2021-04-15,172.38
1240,2021-04-16,166.69
1239,2021-04-17,141.27
1238,2021-04-18,134.17
1237,2021-04-19,128.91
1236,2021-04-20,122.37
1235,2021-04-21,134.58
1234,2021-04-22,135.63
1227,2021-04-23,121.64
1233,2021-04-24,110.9
1232,2021-04-25,121.25
1231,2021-04-26,138.23
1230,2021-04-27,141.93
1229,2021-04-28,158.51
1228,2021-04-29,163.42
1226,2021-04-30,159.45
1225,2021-05-01,146.36
1224,2021-05-02,139.13
1223,2021-05-03,164.1
1222,2021-05-04,167.29
1221,2021-05-05,163.62
1220,2021-05-06,164.88
1219,2021-05-07,144.88
1218,2021-05-08,144.1
1217,2021-05-09,101.88
1216,2021-05-10,109.3
1215,2021-05-11,114.5
1214,2021-05-12,112.5
1213,2021-05-13,122.58
1212,2021-05-14,129.02
1211,2021-05-15,118.18
1210,2021-05-16,109.2
1209,2021-05-17,117.38
1208,2021-05-18,110.97
1207,2021-05-19,106.13
4209,2021-05-20,134.17
1206,2021-05-21,139.25
1204,2021-05-22,125.43
1203,2021-05-23,131.82
1202,2021-05-24,130.69
1200,2021-05-25,134.36
777,2021-05-26,122.67
1205,2021-05-27,96.13
776,2021-05-28,88.35
778,2021-05-29,72.87
1201,2021-05-30,70.83
772,2021-05-31,68.85
1199,2021-06-01,65.0
779,2021-06-02,63.47
780,2021-06-03,64.0
775,2021-06-04,66.41
774,2021-06-05,58.94
771,2021-06-06,58.64
773,2021-06-07,62.05
1148,2021-06-08,61.97
1149,2021-06-09,60.79
1147,2021-06-10,59.71
1555,2021-06-11,60.24
1554,2021-06-12,57.34
1553,2021-06-13,53.08
1552,2021-06-14,60.82
1551,2021-06-15,60.53
1948,2021-06-16,59.3
1946,2021-06-17,61.11
1947,2021-06-18,64.4
1945,2021-06-19,63.04
1944,2021-06-20,66.71
1943,2021-06-21,80.69
1942,2021-06-22,75.35
1941,2021-06-23,71.4
1549,2021-06-24,66.08
1550,2021-06-25,71.15
1548,2021-06-26,63.02
1547,2021-06-27,61.13
1545,2021-06-28,71.72
1546,2021-06-29,66.19
1544,2021-06-30,68.07
1543,2021-07-01,61.99
1542,2021-07-02,59.89
1541,2021-07-03,54.5
1146,2021-07-04,54.59
1142,2021-07-05,62.2
1144,2021-07-06,67.3
1145,2021-07-07,63.97
1143,2021-07-08,63.62
1141,2021-07-09,60.47
1140,2021-07-10,57.9
1139,2021-07-11,56.92
1137,2021-07-12,61.27
1138,2021-07-13,58.92
1136,2021-07-14,56.63
1135,2021-07-15,57.3
1134,2021-07-16,54.94
1132,2021-07-17,47.57
1133,2021-07-18,47.37
1130,2021-07-19,53.14
1131,2021-07-20,53.47
1129,2021-07-21,53.3
770,2021-07-22,53.04
768,2021-07-23,51.28
769,2021-07-24,47.89
767,2021-07-25,49.94
766,2021-07-26,52.58
765,2021-07-27,53.34
764,2021-07-28,55.79
763,2021-07-29,57.24
762,2021-07-30,60.13
761,2021-07-31,55.78
759,2021-08-01,55.29
760,2021-08-02,60.31
758,2021-08-03,57.0
757,2021-08-04,55.25
756,2021-08-05,55.71
755,2021-08-06,56.91
754,2021-08-07,56.1
753,2021-08-08,57.06
752,2021-08-09,61.91
751,2021-08-10,59.74
750,2021-08-11,59.74
749,2021-08-12,58.3
748,2021-08-13,57.54
747,2021-08-14,52.87
746,2021-08-15,53.95
745,2021-08-16,63.32
743,2021-08-17,65.05
744,2021-08-18,63.71
742,2021-08-19,64.55
741,2021-08-20,60.16
739,2021-08-21,56.86
740,2021-08-22,55.29
738,2021-08-23,60.68
736,2021-08-24,60.12
737,2021-08-25,59.85
735,2021-08-26,61.19
733,2021-08-27,63.16
734,2021-08-28,55.66
732,2021-08-29,58.51
725,2021-08-30,66.83
724,2021-08-31,74.94
731,2021-09-01,74.71
723,2021-09-02,73.23
722,2021-09-03,71.38
912,2021-09-04,62.81
721,2021-09-05,56.97
720,2021-09-06,59.18
719,2021-09-07,56.86
707,2021-09-08,56.98
706,2021-09-09,60.89
705,2021-09-10,58.3
704,2021-09-11,51.66
703,2021-09-12,58.16
702,2021-09-13,66.0
701,2021-09-14,72.61
730,2021-09-15,67.5
729,2021-09-16,63.0
726,2021-09-17,61.54
700,2021-09-18,55.98
699,2021-09-19,59.03
696,2021-09-20,67.71
728,2021-09-21,67.86
727,2021-09-22,68.37
698,2021-09-23,68.45
697,2021-09-24,63.56
693,2021-09-25,59.43
695,2021-09-26,56.13
694,2021-09-27,70.37
692,2021-09-28,88.65
690,2021-09-29,96.83
691,2021-09-30,105.94
689,2021-10-01,93.6
687,2021-10-02,111.1
688,2021-10-03,102.48
686,2021-10-04,107.92
685,2021-10-05,117.26
684,2021-10-06,110.38
682,2021-10-07,91.44
683,2021-10-08,83.47
681,2021-10-09,81.5
680,2021-10-10,87.82
679,2021-10-11,107.57
677,2021-10-12,113.76
678,2021-10-13,109.86
676,2021-10-14,105.73
675,2021-10-15,114.35
674,2021-10-16,111.37
672,2021-10-17,101.93
673,2021-10-18,107.11
671,2021-10-19,88.25
670,2021-10-20,101.96
668,2021-10-21,136.72
669,2021-10-22,141.34
667,2021-10-23,126.01
666,2021-10-24,114.82
664,2021-10-25,120.69
665,2021-10-26,119.55
663,2021-10-27,104.19
662,2021-10-28,106.87
661,2021-10-29,114.42
659,2021-10-30,123.23
660,2021-10-31,135.1
658,2021-11-01,155.64
657,2021-11-02,168.62
656,2021-11-03,181.18
655,2021-11-04,188.22
654,2021-11-05,187.48
653,2021-11-06,147.41
652,2021-11-07,151.4
651,2021-11-08,164.94
649,2021-11-09,135.0
650,2021-11-10,141.4
648,2021-11-11,139.92
647,2021-11-12,140.42
646,2021-11-13,133.24
645,2021-11-14,137.65
644,2021-11-15,156.34
643,2021-11-16,158.79
642,2021-11-17,162.22
641,2021-11-18,151.8
640,2021-11-19,140.41
639,2021-11-20,142.11
633,2021-11-21,178.82
637,2021-11-22,206.51
638,2021-11-23,204.06
636,2021-11-24,203.03
635,2021-11-25,215.21
632,2021-11-26,220.7
634,2021-11-27,242.02
631,2021-11-28,247.98
630,2021-11-29,258.87
629,2021-11-30,195.85
628,2021-12-01,209.94
627,2021-12-02,245.66
626,2021-12-03,219.0
625,2021-12-04,206.94
624,2021-12-05,216.6
623,2021-12-06,238.86
622,2021-12-07,241.93
621,2021-12-08,233.0
619,2021-12-09,222.1
620,2021-12-10,227.07
618,2021-12-11,205.67
617,2021-12-12,159.91
616,2021-12-13,177.71
615,2021-12-14,174.39
614,2021-12-15,168.5
613,2021-12-16,176.52
612,2021-12-17,193.25
611,2021-12-18,192.58
610,2021-12-19,206.76
609,2021-12-20,218.93
608,2021-12-21,231.17
607,2021-12-22,244.6
605,2021-12-23,199.88
606,2021-12-24,179.51
604,2021-12-25,182.78
603,2021-12-26,181.39
602,2021-12-27,174.37
600,2021-12-28,169.15
599,2021-12-29,162.38
601,2021-12-30,136.68
597,2021-12-31,126.96
598,2022-01-01,120.93
596,2022-01-02,144.96
594,2022-01-03,171.91
595,2022-01-04,224.58
592,2022-01-05,245.17
593,2022-01-06,255.88
591,2022-01-07,247.89
589,2022-01-08,215.9
590,2022-01-09,214.61
587,2022-01-10,217.1
588,2022-01-11,201.39
586,2022-01-12,221.11
585,2022-01-13,226.55
584,2022-01-14,233.14
583,2022-01-15,228.51
582,2022-01-16,207.19
581,2022-01-17,228.54
577,2022-01-18,240.37
576,2022-01-19,221.24
575,2022-01-20,246.95
573,2022-01-21,247.47
574,2022-01-22,214.8
572,2022-01-23,212.25
571,2022-01-24,238.83
570,2022-01-25,249.98
569,2022-01-26,221.37
567,2022-01-27,203.09
568,2022-01-28,208.24
566,2022-01-29,174.71
565,2022-01-30,198.31
564,2022-01-31,215.58
563,2022-02-01,183.52
562,2022-02-02,176.09
561,2022-02-03,178.41
560,2022-02-04,204.14
553,2022-02-05,201.2
559,2022-02-06,196.35
558,2022-02-07,208.77
557,2022-02-08,177.21
554,2022-02-09,181.08
555,2022-02-10,207.34
556,2022-02-11,217.1
548,2022-02-12,200.37
552,2022-02-13,186.74
550,2022-02-14,200.29
551,2022-02-15,203.8
549,2022-02-16,175.89
711,2022-02-17,188.9
718,2022-02-18,212.17
713,2022-02-19,215.27
716,2022-02-20,194.43
717,2022-02-21,209.42
715,2022-02-22,188.46
714,2022-02-23,195.36
712,2022-02-24,213.3
710,2022-02-25,198.99
709,2022-02-26,184.2
708,2022-02-27,179.49
547,2022-02-28,189.81
546,2022-03-01,192.38
545,2022-03-02,201.57
544,2022-03-03,186.37
543,2022-03-04,189.04
541,2022-03-05,192.42
542,2022-03-06,194.68
539,2022-03-07,211.68
540,2022-03-08,196.52
538,2022-03-09,171.04
537,2022-03-10,151.27
536,2022-03-11,157.43
535,2022-03-12,145.1
534,2022-03-13,150.87
533,2022-03-14,159.63
524,2022-03-15,154.15
532,2022-03-16,170.35
530,2022-03-17,163.83
531,2022-03-18,142.02
529,2022-03-19,133.08
528,2022-03-20,148.55
527,2022-03-21,159.61
525,2022-03-22,126.18
526,2022-03-23,118.5
523,2022-03-24,117.75
150,2022-03-25,112.85
522,2022-03-26,98.63
521,2022-03-27,111.67
520,2022-03-28,121.68
519,2022-03-29,141.28
518,2022-03-30,171.29
517,2022-03-31,200.44
516,2022-04-01,193.85
515,2022-04-02,173.03
514,2022-04-03,167.98
513,2022-04-04,158.98
512,2022-04-05,139.06
511,2022-04-06,141.69
510,2022-04-07,160.42
509,2022-04-08,160.98
508,2022-04-09,150.18
507,2022-04-10,137.81
506,2022-04-11,131.16
505,2022-04-12,122.88
504,2022-04-13,109.16
503,2022-04-14,100.87
501,2022-04-15,86.54
502,2022-04-16,77.45
499,2022-04-17,76.46
500,2022-04-18,88.43
498,2022-04-19,102.17
497,2022-04-20,96.81
496,2022-04-21,94.54
495,2022-04-22,98.69
494,2022-04-23,94.34
493,2022-04-24,92.25
492,2022-04-25,113.34
491,2022-04-26,112.41
490,2022-04-27,126.38
489,2022-04-28,129.81
488,2022-04-29,117.13
481,2022-04-30,94.71
487,2022-05-01,97.23
486,2022-05-02,99.28
485,2022-05-03,104.01
484,2022-05-04,97.56
483,2022-05-05,86.95
482,2022-05-06,83.01
480,2022-05-07,76.68
479,2022-05-08,74.11
478,2022-05-09,77.04
476,2022-05-10,74.72
477,2022-05-11,83.26
475,2022-05-12,85.15
474,2022-05-13,80.91
467,2022-05-14,66.32
472,2022-05-15,66.4
471,2022-05-16,74.93
470,2022-05-17,65.7
473,2022-05-18,65.07
469,2022-05-19,66.36
468,2022-05-20,69.48
464,2022-05-21,64.97
466,2022-05-22,60.74
463,2022-05-23,71.32
465,2022-05-24,73.21
461,2022-05-25,76.17
462,2022-05-26,74.42
460,2022-05-27,72.39
459,2022-05-28,67.2
458,2022-05-29,74.8
457,2022-05-30,87.19
456,2022-05-31,85.0
455,2022-06-01,76.27
449,2022-06-02,64.87
454,2022-06-03,60.72
453,2022-06-04,62.63
452,2022-06-05,77.02
451,2022-06-06,78.27
450,2022-06-07,67.58
448,2022-06-08,65.28
447,2022-06-09,64.22
446,2022-06-10,58.16
444,2022-06-11,55.5
445,2022-06-12,58.91
443,2022-06-13,64.94
442,2022-06-14,61.5
441,2022-06-15,57.66
439,2022-06-16,54.15
440,2022-06-17,52.03
438,2022-06-18,52.65
436,2022-06-19,57.24
437,2022-06-20,58.72
435,2022-06-21,58.79
433,2022-06-22,55.44
434,2022-06-23,55.7
432,2022-06-24,55.27
431,2022-06-25,50.94
430,2022-06-26,51.78
429,2022-06-27,60.79
424,2022-06-28,60.59
428,2022-06-29,65.12
426,2022-06-30,67.32
427,2022-07-01,63.32
425,2022-07-02,54.78
420,2022-07-03,54.64
422,2022-07-04,58.77
423,2022-07-05,62.61
421,2022-07-06,59.65
419,2022-07-07,60.38
413,2022-07-08,57.51
418,2022-07-09,50.45
417,2022-07-10,50.12
416,2022-07-11,56.12
414,2022-07-12,57.34
415,2022-07-13,55.71
412,2022-07-14,54.75
411,2022-07-15,52.77
410,2022-07-16,47.01
409,2022-07-17,45.39
408,2022-07-18,50.11
407,2022-07-19,49.77
406,2022-07-20,49.77
405,2022-07-21,53.62
404,2022-07-22,55.49
403,2022-07-23,48.14
401,2022-07-24,46.52
402,2022-07-25,52.18
400,2022-07-26,58.31
399,2022-07-27,53.96
398,2022-07-28,55.11
397,2022-07-29,55.02
396,2022-07-30,49.34
395,2022-07-31,47.27
394,2022-08-01,50.11
393,2022-08-02,48.51
392,2022-08-03,51.67
391,2022-08-04,52.54
390,2022-08-05,52.4
389,2022-08-06,48.07
388,2022-08-07,47.44
387,2022-08-08,52.17
386,2022-08-09,51.02
385,2022-08-10,50.98
384,2022-08-11,51.53
382,2022-08-12,47.07
383,2022-08-13,42.57
381,2022-08-14,43.4
380,2022-08-15,50.36
379,2022-08-16,53.88
350,2022-08-17,56.9
349,2022-08-18,51.87
347,2022-08-19,51.76
580,2022-08-20,44.41
579,2022-08-21,47.85
578,2022-08-22,52.64
346,2022-08-23,55.7
345,2022-08-24,55.3
344,2022-08-25,59.03
343,2022-08-26,57.69
342,2022-08-27,49.67
341,2022-08-28,48.31
339,2022-08-29,51.64
340,2022-08-30,54.48
366,2022-08-31,55.49
364,2022-09-01,57.78
337,2022-09-02,55.74
369,2022-09-03,50.13
244,2022-09-04,51.07
338,2022-09-05,54.97
335,2022-09-06,55.71
336,2022-09-07,56.79
333,2022-09-08,58.76
334,2022-09-09,55.81
332,2022-09-10,52.47
331,2022-09-11,51.94
328,2022-09-12,55.56
365,2022-09-13,59.11
330,2022-09-14,62.33
329,2022-09-15,61.48
368,2022-09-16,64.8
367,2022-09-17,64.15
326,2022-09-18,62.86
327,2022-09-19,65.5
322,2022-09-20,69.33
325,2022-09-21,66.59
324,2022-09-22,70.95
321,2022-09-23,70.11
323,2022-09-24,67.96
320,2022-09-25,74.77
319,2022-09-26,81.86
318,2022-09-27,96.85
317,2022-09-28,99.66
315,2022-09-29,94.74
313,2022-09-30,99.76
316,2022-10-01,75.49
311,2022-10-02,75.68
314,2022-10-03,87.07
363,2022-10-04,78.32
305,2022-10-05,84.06
312,2022-10-06,87.76
310,2022-10-07,86.23
309,2022-10-08,83.93
308,2022-10-09,87.41
307,2022-10-10,94.78
306,2022-10-11,106.1
300,2022-10-12,104.75
304,2022-10-13,95.76
302,2022-10-14,96.74
303,2022-10-15,90.44
301,2022-10-16,91.06
299,2022-10-17,87.11
298,2022-10-18,97.88
297,2022-10-19,96.62
295,2022-10-20,97.11
296,2022-10-21,92.82
294,2022-10-22,78.5
293,2022-10-23,79.61
292,2022-10-24,88.25
289,2022-10-25,90.47
284,2022-10-26,82.68
291,2022-10-27,83.41
285,2022-10-28,80.53
290,2022-10-29,81.43
288,2022-10-30,85.46
287,2022-10-31,94.2
286,2022-11-01,106.63
283,2022-11-02,123.08
281,2022-11-03,123.7
361,2022-11-04,133.14
245,2022-11-05,124.3
282,2022-11-06,120.71
280,2022-11-07,121.48
278,2022-11-08,119.99
279,2022-11-09,121.92
276,2022-11-10,116.09
273,2022-11-11,101.05
277,2022-11-12,99.48
274,2022-11-13,105.03
269,2022-11-14,118.43
268,2022-11-15,130.49
275,2022-11-16,142.85
272,2022-11-17,145.5
271,2022-11-18,144.32
270,2022-11-19,141.39
265,2022-11-20,148.64
267,2022-11-21,181.31
266,2022-11-22,173.62
263,2022-11-23,165.53
264,2022-11-24,167.54
258,2022-11-25,155.3
262,2022-11-26,141.38
261,2022-11-27,134.71
260,2022-11-28,166.36
259,2022-11-29,186.61
257,2022-11-30,186.31
256,2022-12-01,186.82
255,2022-12-02,185.2
251,2022-12-03,178.25
249,2022-12-04,186.33
254,2022-12-05,193.73
253,2022-12-06,204.69
252,2022-12-07,223.21
248,2022-12-08,240.85
362,2022-12-09,246.89
250,2022-12-10,233.76
247,2022-12-11,240.35
246,2022-12-12,263.45
370,2022-12-13,268.16
243,2022-12-14,274.22
241,2022-12-15,279.81
240,2022-12-16,271.54
236,2022-12-17,242.4
238,2022-12-18,224.86
242,2022-12-19,162.81
239,2022-12-20,161.2
237,2022-12-21,173.14
234,2022-12-22,170.78
235,2022-12-23,159.66
233,2022-12-24,147.89
232,2022-12-25,134.36
231,2022-12-26,166.21
230,2022-12-27,175.98
229,2022-12-28,158.48
228,2022-12-29,165.99
227,2022-12-30,159.6
226,2022-12-31,144.73
225,2023-01-01,142.54
224,2023-01-02,174.03
223,2023-01-03,179.39
221,2023-01-04,149.74
222,2023-01-05,150.87
220,2023-01-06,157.35
219,2023-01-07,144.76
216,2023-01-08,167.43
375,2023-01-09,187.92
217,2023-01-10,180.0
218,2023-01-11,177.56
378,2023-01-12,171.01
376,2023-01-13,179.42
377,2023-01-14,170.71
374,2023-01-15,188.4
373,2023-01-16,223.37
371,2023-01-17,249.56
372,2023-01-18,241.37
360,2023-01-19,241.46
210,2023-01-20,230.53
215,2023-01-21,228.53
214,2023-01-22,231.73
209,2023-01-23,233.65
213,2023-01-24,222.27
212,2023-01-25,216.19
211,2023-01-26,209.03
207,2023-01-27,207.61
204,2023-01-28,191.45
208,2023-01-29,180.88
200,2023-01-30,185.45
203,2023-01-31,185.12
1538,,1256.0
2093,,5653.0
